nombre,descripcion,costo,pvp,categoria,stock
SIS GEL ISOTONIC CAF75,Producto de nutrición deportiva,0,0,Nutrición,0
SIS GEL ISOTONIC,Producto de nutrición deportiva,0,0,Nutrición,0
SIS GEL ISOTONIC ELECTROLYTE,Producto de nutrición deportiva,0,0,Nutrición,0
SIS DOUBLE ESRESSO 150CH,Producto de nutrición deportiva,0,0,Nutrición,0
SIS BETA FUEL 40CH,Producto de nutrición deportiva,0,0,Nutrición,0
SIS BETA FUEL NOOTROPICS,Producto de nutrición deportiva,0,0,Nutrición,0
SIS BETA FUEL ELECTROLYTE,Producto de nutrición deportiva,0,0,Nutrición,0
Maurten 160,Producto de nutrición deportiva,0,0,Nutrición,0
MAURTEN CAF100,Producto de nutrición deportiva,0,0,Nutrición,0
MAURTEN 100,Producto de nutrición deportiva,0,0,Nutrición,0
GEL ENERGY 32CH Y BCAAS,Producto de nutrición deportiva,0,0,Nutrición,0
GEL ENERGY 27CH Y CAF,Producto de nutrición deportiva,0,0,Nutrición,0
GEL ENERGY DOBLE SHOT 78CH,Producto de nutrición deportiva,0,0,Nutrición,0
AMACX DRINK GEL CAF,Producto de nutrición deportiva,0,0,Nutrición,0
AMACX DRINK GEL,Producto de nutrición deportiva,0,0,Nutrición,0
TURBO GEL AMACX,Producto de nutrición deportiva,0,0,Nutrición,0
TURBO GEL AMACX CAF,Producto de nutrición deportiva,0,0,Nutrición,0
SANTAMADRE UNUSUAL GEL 45G CAF,Producto de nutrición deportiva,0,0,Nutrición,0
SANTAMADRE UNUSUAL GEL 45G,Producto de nutrición deportiva,0,0,Nutrición,0
SANTAMADRE UNUSUAL GEL 60CH,Producto de nutrición deportiva,0,0,Nutrición,0
GEL ENERVIT PRO 40CH,Producto de nutrición deportiva,0,0,Nutrición,0
GEL ENERVIT CAF 40CH,Producto de nutrición deportiva,0,0,Nutrición,0
CARBS 50G,Producto de nutrición deportiva,0,0,Nutrición,0
CARBS 50G SODIUM,Producto de nutrición deportiva,0,0,Nutrición,0
SIS BETA FUEL POLVO 80CH,Producto de nutrición deportiva,0,0,Nutrición,0
DRINK MIX 320,Producto de nutrición deportiva,0,0,Nutrición,0
DRINK MIX 160,Producto de nutrición deportiva,0,0,Nutrición,0
TURBO DRINK AMACX 40CH,Producto de nutrición deportiva,0,0,Nutrición,0
TURBO DRINK AMACX 850gr,Producto de nutrición deportiva,0,0,Nutrición,0
SANTAMADRE UNUSUAL FUEL 100CH,Producto de nutrición deportiva,0,0,Nutrición,0
SANTAMADRE UNUSUAL FUEL CAF,Producto de nutrición deportiva,0,0,Nutrición,0
ISOCARB ENERVIT 60CH,Producto de nutrición deportiva,0,0,Nutrición,0
SIS GOMA BETA FUEL,Producto de nutrición deportiva,0,0,Nutrición,0
GOMA AMACX,Producto de nutrición deportiva,0,0,Nutrición,0
GOMA AMACX TURBO,Producto de nutrición deportiva,0,0,Nutrición,0
GOMAS GU,Producto de nutrición deportiva,0,0,Nutrición,0
SIS BAKE ENERGY,Producto de nutrición deportiva,0,0,Nutrición,0
SIS OAT BAR,Producto de nutrición deportiva,0,0,Nutrición,0
MAURTEN SOLID 160,Producto de nutrición deportiva,0,0,Nutrición,0
BARRA CLIFF,Producto de nutrición deportiva,0,0,Nutrición,0
STROP WAFEL GU,Producto de nutrición deportiva,0,0,Nutrición,0
BARRA GATORADE,Producto de nutrición deportiva,0,0,Nutrición,0
SIS PROTEIN BAR,Producto de nutrición deportiva,0,0,Nutrición,0
SIS HYDRO TABLETSX20,Producto de nutrición deportiva,0,0,Nutrición,0
SIS HYDRO+,Producto de nutrición deportiva,0,0,Nutrición,0
HYDRO TABLETS AMACX,Producto de nutrición deportiva,0,0,Nutrición,0
MORTAL HYDRATION,Producto de nutrición deportiva,0,0,Nutrición,0
HYDRO BCAA ENERVIT,Producto de nutrición deportiva,0,0,Nutrición,0
SALTSTICK CAPSULAS 200 UNIDADES,Producto de nutrición deportiva,0,0,Nutrición,0
SALTSTICK CAPSULAS 100 UNIDADES,Producto de nutrición deportiva,0,0,Nutrición,0
SALTSTICK MASTICABLE X10,Producto de nutrición deportiva,0,0,Nutrición,0
SALTSTICK MASTICABLE X60,Producto de nutrición deportiva,0,0,Nutrición,0
SIS SHOT NITRATES,Producto de nutrición deportiva,0,0,Nutrición,0
AMACX BEET SHOT,Producto de nutrición deportiva,0,0,Nutrición,0
UNUSUAL NITROUS D,Producto de nutrición deportiva,0,0,Nutrición,0
SIS CHERRY REGO,Producto de nutrición deportiva,0,0,Nutrición,0
CHERIBUNDI,Producto de nutrición deportiva,0,0,Nutrición,0
MAGIC CHERRY ENERVIT,Producto de nutrición deportiva,0,0,Nutrición,0
KETONE IQ,Producto de nutrición deportiva,0,0,Nutrición,0
KETONE IQ CAF,Producto de nutrición deportiva,0,0,Nutrición,0
CREATINA MOMENTUS,Producto de nutrición deportiva,0,0,Nutrición,0
CREATINA ENERVIT,Producto de nutrición deportiva,0,0,Nutrición,0
PRE WORKOUT ENERVIT,Producto de nutrición deportiva,0,0,Nutrición,0
SIS SHOT COLLAGEN,Producto de nutrición deportiva,0,0,Nutrición,0
SIS SHOT CAFFEINE,Producto de nutrición deportiva,0,0,Nutrición,0
DREAM SHOT,Producto de nutrición deportiva,0,0,Nutrición,0
PROTEINA MUSCLETECH,Producto de nutrición deportiva,0,0,Nutrición,0
TRIPLE MAGNESIUM PILLAR,Producto de nutrición deportiva,0,0,Nutrición,0
